bio,external_url,followers,following,full_name,platform,posts,url,username
"Mon-Friday open 7AM-2AM 
Saturday & Sunday 9AM-2AM
Call ahead to order: 313-832-5646 üçî",https://www.honestjohnsdetroit.com/,10885,681,Honest Johns,instagram,2229,https://www.instagram.com/honestjohnsdetroit/,honestjohnsdetroit
,,14680,2879,Honest John,instagram,158,https://www.instagram.com/realhonestjohn/,realhonestjohn
"Proudly serving pizza and wings to Jamestown, NY for over 41 years! Famous for our all-you-can-eat buffet! Dine in, take out and delivery!",http://honestjohns.pizza/,437,180,Honest John‚Äôs Pizzeria,instagram,104,https://www.instagram.com/honestjohnspizza/,honestjohnspizza
"Welcome, beautiful people, to Honest John's Curiosities! We are a travelling oddities store out of Tampa, Florida. We look forward to seeing you soon!",,48,70,Honest John,instagram,26,https://www.instagram.com/honestcuriosities/,honestcuriosities
Hand crafted Frozen Custard shop located right off the square in downtown Gainesboro Tennessee.,https://honestjohnscustard.com/,57,28,Honest John's Frozen Custard,instagram,49,https://www.instagram.com/honestjohnsfrozencustard/,honestjohnsfrozencustard
"Fresh & seasonal American fare with handcrafted cocktails and local craft beers. Located in the heart of Homestead, PA.",http://www.honestjohnspgh.com/menu.html,707,160,Honest John's Bar & Restaurant,instagram,130,https://www.instagram.com/honestjohnspgh/,honestjohnspgh
"JOHN BARRICK
PAINTING STUFF AND RIDING BIKES",https://honestjohnmurals.com/,3122,1056,Honest John‚Äôs Mural Company,instagram,228,https://www.instagram.com/sharperthanany/,sharperthanany
